"","heart","mood","sleep","step","heart_caregiver","mood_caregiver","sleep_caregiver","step_caregiver","weekly_mood_patient","weekly_mood_caregiver"
"cap_low",-2.46253076560727,-4.40819339359012,-2.1833690289389,-1.97671941979112,-2.24716892016716,-4.30161521586876,-2.96149359706102,-2.94615355098133,-5.42313245127537,-5.26799495238359
"cap_high",2.96478846857429,1.38866238298281,0.872267675293273,3.7638768306324,4.17010158333926,1.4109969446142,1.5619546353665,2.73572413814557,1.73767548233788,1.75098880640522
