"","heart","sleep","step"
"(Intercept)",0.288831274026657,0.0461978510360962,0.594546211447717
"weekly_mood_patient",0.0661386130515054,0.0493988973376219,0.141394804087249
"weekly_mood_caregiver",-0.0114885871135279,0.144975560549304,0.0421115747747819
"heart",0.475746063011701,-0.0896450012076126,0.104399823427392
"sleep",-0.124480358981531,0.214698499444502,-0.20665950019598
"step",-0.0186515993933155,-0.0510286269271519,0.667560769734897
