"","heart_caregiver","sleep_caregiver","step_caregiver"
"(Intercept)",-0.770027846766599,0.350613213645544,0.413886687220247
"weekly_mood_patient",-0.138538894279022,0.286586902557127,0.0792063286935732
"weekly_mood_caregiver",0.249665223542726,0.209262035443893,-0.0938203117768757
"heart_caregiver",-0.478961610116624,-0.317513365067125,-0.150520585786274
"sleep_caregiver",0.0206096134946998,-0.164424147207927,-0.0853687701242126
"step_caregiver",-0.00549555037754704,0.114131895493932,0.40620368974758
