"","heart","sleep","step"
"(Intercept)",0.638405949385877,-0.120820825513213,-0.580949689348577
"weekly_mood_patient",-0.273537935309016,-0.0116265199686328,0.0962051098469103
"weekly_mood_caregiver",0.294510558163439,-0.010912184453346,-0.374447757379951
"heart",0.0176591217378544,-0.263135027381713,0.0122754814201082
"sleep",-0.0305125400173373,0.532009791458784,-0.0613192605833525
"step",0.0133596359177748,-0.126115141935889,0.265066031556291
