"","heart_caregiver","sleep_caregiver","step_caregiver"
"(Intercept)",-0.0438458183035477,0.306180449288272,-0.20308690796339
"weekly_mood_patient",-0.0627439128073123,0.199112321825631,-0.0491804242012772
"weekly_mood_caregiver",-0.0647712558094144,-0.213784009224474,-0.124671303266635
"heart_caregiver",0.454407303790261,0.0214365054797164,-0.210340888010439
"sleep_caregiver",0.0496405549726251,0.0800915396003544,-0.0851928572485327
"step_caregiver",-0.152345783778902,0.043332369318411,0.369201528577657
