"","heart","sleep","step"
"(Intercept)",0.0179537531487941,-0.00867892629148657,-0.210015623111122
"weekly_mood_patient",0.0790290056453172,-0.0386933622996363,0.0609180500095938
"weekly_mood_caregiver",-0.0857872245817255,-0.324882355154517,0.0272300498284895
"heart",0.828621920179131,0.254109950263866,-0.0441097671838371
"sleep",0.117433095129392,0.33560018230029,-0.0884679426536073
"step",-0.0774416062238385,-0.100852886497277,0.711775881811886
