"","heart","sleep","step"
"(Intercept)",0.0228597112505424,-0.110324730640156,-0.0986835286972037
"weekly_mood_patient",-0.125521149502654,0.00344030243943154,0.233225031055032
"weekly_mood_caregiver",-0.0473817878822577,0.114371486601758,-0.00262748538977333
"heart",0.68800465837501,-0.16491369844552,-0.300024392498582
"sleep",0.019857678994086,0.0997608758872521,-0.15530823723512
"step",-0.09935364740782,-0.04388305317907,0.211693514571531
