"","heart_caregiver","sleep_caregiver","step_caregiver"
"(Intercept)",-0.206219678541632,-0.168286283227759,0.210845766089944
"weekly_mood_patient",0.0631498367059761,0.101411290030326,0.0973370878763781
"weekly_mood_caregiver",0.0379028790227259,0.0960647038869968,0.212652783242107
"heart_caregiver",-0.323480648469129,-0.150436523840861,-0.122544421005059
"sleep_caregiver",-0.147045080321273,-0.0314498078853226,0.105642656661321
"step_caregiver",-0.0233517342056315,-0.187129917501826,0.303463011176471
