"","heart_caregiver","sleep_caregiver","step_caregiver"
"(Intercept)",-0.404121609823753,0.106924845028996,0.25612310198083
"weekly_mood_patient",-0.00153020753105308,0.090790147860386,-0.124693991793444
"weekly_mood_caregiver",0.257169709329875,0.264467303777237,0.541000510936338
"heart_caregiver",0.646744585007911,0.00281455581024295,-0.0362364463772994
"sleep_caregiver",-0.0712048743159118,0.297032764299485,0.0454535289362238
"step_caregiver",-0.0511004331243737,-0.105462707803286,0.581403433838202
