"","heart","sleep","step"
"(Intercept)",-0.0320666062602594,-0.0896054413545357,-0.400093548909605
"weekly_mood_patient",0.11644595647279,-0.257730365327372,-0.144825871572852
"weekly_mood_caregiver",0.0166340856099864,0.0501179582316101,0.489050438175642
"heart",0.667528596181499,0.0276405643574152,-0.276720704821245
"sleep",0.0351143990632362,-0.0400903501134046,0.0812948668752325
"step",-0.0598340016977807,0.116375582087349,0.433702579353619
