"","heart","sleep","step"
"(Intercept)",0.0992815396101907,1.03671469009996,0.0388263902408063
"weekly_mood_patient",0.000857728837377314,-0.102774115356277,-0.0539498163591995
"weekly_mood_caregiver",0.0975919108138013,-0.986747494884624,0.206130348064601
"heart",0.823797793063847,-0.0335817492943356,-0.137631692036478
"sleep",0.0409520706028055,-0.558317260702867,-0.0523435447901287
"step",0.0679058118995404,0.533821875030978,0.656103410217193
