"","heart_caregiver","sleep_caregiver","step_caregiver"
"(Intercept)",-1.66886035504294,-0.694064642400569,-0.845792813254065
"weekly_mood_patient",0.236729299941807,0.149004274187963,-0.171153760147735
"weekly_mood_caregiver",-0.835339289483406,-0.523175488128822,0.0118624421048711
"heart_caregiver",-0.320950789030518,-0.392610709571152,-0.0141148163304399
"sleep_caregiver",-0.0063414064672846,0.34410888322727,0.0888488601646552
"step_caregiver",-0.116946379391658,-0.102170001665403,0.101691579192716
