"","heart_caregiver","sleep_caregiver","step_caregiver"
"(Intercept)",0.116135237161115,0.803499686035806,0.717615887383067
"weekly_mood_patient",0.132190637119763,-0.136315359984853,-0.204248079950702
"weekly_mood_caregiver",0.0553170034084073,0.335169074626423,0.274249597581438
"heart_caregiver",-0.290652048814111,-0.4051329495849,-0.412539989629365
"sleep_caregiver",-0.00630886852776426,-0.299353897609733,0.0624654730458281
"step_caregiver",0.0636415505854247,0.0241473010383347,0.453601981366749
