"","heart","sleep","step"
"(Intercept)",0.536133389124968,-0.0501778249566542,0.18115720293224
"weekly_mood_patient",-0.10664991727471,0.172044653116891,0.12635006935905
"weekly_mood_caregiver",-0.248603694434573,-0.106804231592957,-0.302002951098787
"heart",0.399435465194708,0.117738040871679,0.107734018527703
"sleep",-0.064378798770541,0.0722544825195669,0.111737185264511
"step",0.0603585215681458,0.25507681549466,0.46383391372958
