"","heart","sleep","step"
"(Intercept)",0.0177688975915331,-0.412332508349062,-0.301015525018153
"weekly_mood_patient",0.0523432396367227,-0.123748565713944,0.071802522353351
"weekly_mood_caregiver",0.00868793143328754,0.12270857372356,-0.041002099672935
"heart",0.893788825130509,-0.184621932315202,-0.0750478243976249
"sleep",0.0875369376247696,0.165684878852939,-0.00124665731861711
"step",-0.094438760639934,0.0287658000183955,0.515434462102839
