"","heart_caregiver","sleep_caregiver","step_caregiver"
"(Intercept)",-0.160699491234865,0.339877136834552,0.0545283401055277
"weekly_mood_patient",0.139059442577408,-0.0612248501666966,0.433182455946425
"weekly_mood_caregiver",-0.335529621006529,0.0750374653981168,-0.505350042530538
"heart_caregiver",0.396817379611066,0.153851456807071,-0.19225352412294
"sleep_caregiver",0.00824303884103888,-0.0329772024587084,-0.0963358808660413
"step_caregiver",0.145390200031201,-0.438570208114375,0.342234088778383
