"","heart_caregiver","sleep_caregiver","step_caregiver"
"(Intercept)",-1.09188528497173,0.694027354940213,-0.0857904413251032
"weekly_mood_patient",0.0251950442976505,-0.0270489733685096,-0.129997811781112
"weekly_mood_caregiver",0.442891147513428,-0.019962107881304,0.269963124639053
"heart_caregiver",-0.407700063356942,0.324068150038202,-0.132889038181038
"sleep_caregiver",-0.0335439691608162,-0.229775274883262,-0.0812968352324362
"step_caregiver",-0.0704766503855575,0.0226431866438518,0.606248730398554
