"","heart_caregiver","sleep_caregiver","step_caregiver"
"(Intercept)",-0.0498090773017848,0.10380944117995,-0.44836223855783
"weekly_mood_patient",0.0747694237223172,0.327564543406787,-0.029867941787579
"weekly_mood_caregiver",0.0631175012594781,-0.0600929847642647,0.103032489587134
"heart_caregiver",0.604606292989279,0.146953332678398,-0.278583863085573
"sleep_caregiver",0.0294833167441498,-0.0797879311000169,0.0195111994337812
"step_caregiver",-0.0892232789676988,-0.209605617358187,0.361634047072419
