"","heart","sleep","step"
"(Intercept)",0.0322475799407937,0.629349113465859,-0.0663060688716872
"weekly_mood_patient",0.191392630800965,-1.71283676001708,0.41879651782355
"weekly_mood_caregiver",-0.0649894789927413,-0.0935080657203628,-0.0309916809602359
"heart",0.670955829470539,0.376873732724092,-0.465322018893657
"sleep",-0.0851542687078931,0.0104905128166419,-0.0705118586269784
"step",-0.0405150425684736,0.0363527631522428,0.677524622961896
