"","heart_caregiver","sleep_caregiver","step_caregiver"
"(Intercept)",-0.236919848080713,-0.079537180017583,-0.251980330501892
"weekly_mood_patient",-0.319623356340449,-0.0420791988929254,0.171665615148009
"weekly_mood_caregiver",-0.272539929072332,-0.187775967633965,0.0543326293523222
"heart_caregiver",0.799857102626435,-0.0636865990919235,0.17887370526311
"sleep_caregiver",0.0477519330294669,-0.00414472600264124,-0.0267492927212922
"step_caregiver",0.00856818528912862,-0.203648215596708,0.495180507336007
