"","heart","sleep","step"
"(Intercept)",0.497942416893911,-0.626964193790787,0.991334957446141
"weekly_mood_patient",-0.115484548013713,0.301629166760187,0.0661307796641155
"weekly_mood_caregiver",0.0245010623206289,-0.109439108888063,-0.0625930778242628
"heart",0.553847713866263,0.786068605411445,-0.446561223483664
"sleep",0.00327529811081468,0.189535839810733,-0.167184888457498
"step",-0.0360896947340092,0.209554729243123,0.524674019017649
