"","heart","sleep","step"
"(Intercept)",0.711296718951777,0.23746021975024,-0.0994875459940433
"weekly_mood_patient",0.0477064701287521,-0.161796675930055,-0.217316133995892
"weekly_mood_caregiver",0.330968355283508,0.0179192276518553,-0.244222300967335
"heart",0.682890150655562,0.063470976416571,-0.0296403119074072
"sleep",-0.131875786474556,0.247430119866113,-0.313941237803246
"step",-0.133871244136489,-0.0537575114223642,0.241391195326727
