"","heart_caregiver","sleep_caregiver","step_caregiver"
"(Intercept)",0.0416022432867706,-0.0861022666474978,0.513805372271701
"weekly_mood_patient",-0.0322986369486645,0.0843818122335737,0.069884423987506
"weekly_mood_caregiver",-0.217949720694701,0.0835202192090561,-0.488132857165048
"heart_caregiver",-0.130287969365742,0.0244587976429987,-0.217395387502576
"sleep_caregiver",-0.285343941393588,0.172546821385952,0.187854100392613
"step_caregiver",0.043369739217561,-0.0575754845182316,0.517733701068619
