"","heart_caregiver","sleep_caregiver","step_caregiver"
"(Intercept)",0.489958937509355,0.498809315334075,-0.0915824460752912
"weekly_mood_patient",-0.090969140418677,0.247646789134784,-0.0122570378575426
"weekly_mood_caregiver",0.467269757449702,-0.278973283452437,-0.0641305990219555
"heart_caregiver",-0.188849582652817,-0.223996515087624,-0.213628583976986
"sleep_caregiver",-0.184557327125447,0.0605006892922952,-0.131788386183435
"step_caregiver",0.321045491890122,0.390549677026355,0.43848933331531
