"","heart_caregiver","sleep_caregiver","step_caregiver"
"(Intercept)",2.53349864612549,-0.843601305274516,0.683028987022176
"weekly_mood_patient",0.0959073976276347,0.17507242647883,-0.150757451276037
"weekly_mood_caregiver",-0.190119396217997,0.190697874695837,0.162798814797307
"heart_caregiver",-0.340982557654283,-0.0356413036327112,-0.3267596925494
"sleep_caregiver",0.165011745269205,-0.0441581989889622,0.00238797161236564
"step_caregiver",0.0510687052588586,0.00902521471833755,0.322808846151354
