"","heart_caregiver","sleep_caregiver","step_caregiver"
"(Intercept)",-0.0819152331780034,-0.88107623492461,0.215821759848984
"weekly_mood_patient",0.296408758250854,-0.165296024283367,-0.931974508058801
"weekly_mood_caregiver",-0.0534355048132038,-0.180494102568771,-0.418288758617906
"heart_caregiver",0.311670826963556,0.108357585121738,-0.113494935759088
"sleep_caregiver",0.00324610892160703,0.176674998070434,0.106315008450278
"step_caregiver",0.0985310246207952,-0.0971617101360409,0.21005775154339
