"","heart_caregiver","sleep_caregiver","step_caregiver"
"(Intercept)",-0.00646968341722602,0.488450145693608,-0.382086525400881
"weekly_mood_patient",0.0422390692617733,0.100911822886438,-0.0306421670399322
"weekly_mood_caregiver",0.0628441614159855,-0.183159447427488,0.250437841594897
"heart_caregiver",0.201277299944322,-0.0079328328475005,-0.141865063765666
"sleep_caregiver",-0.0557228695958264,0.156806497273062,-0.122162941935549
"step_caregiver",0.103906171268898,0.0117900020103997,0.527911666197087
