"","heart","sleep","step"
"(Intercept)",1.28948400462117,0.0534538621539557,-0.433533497774919
"weekly_mood_patient",0.409065158673989,-0.0642264743956319,-0.11454043423679
"weekly_mood_caregiver",-0.00987278759382265,0.136571993957011,-0.0940521552674101
"heart",0.109729127072928,0.104674989516259,0.0480592315042577
"sleep",-0.0396453079912575,-0.0328019761912448,-0.0955652597813781
"step",-0.112496166080386,-0.265231425321255,0.212611240639701
