"","heart","sleep","step"
"(Intercept)",-0.166291019526259,-0.106092608572384,0.0038008198230864
"weekly_mood_patient",-0.0642277690150717,-0.218848923475738,0.106088131307518
"weekly_mood_caregiver",0.171466709267419,0.149519094086328,0.356234134475865
"heart",0.698659574657515,-0.311396412202986,-0.353565875056393
"sleep",0.0192139883662914,0.416414855502216,-0.0510413050686404
"step",-0.0136890185085747,0.00281750682777064,0.608482763468852
