"","heart","sleep","step"
"(Intercept)",-0.241697548227106,-0.22908948461513,0.152642373145303
"weekly_mood_patient",0.0579878670903566,0.45156735664448,-0.0130674505458534
"weekly_mood_caregiver",-0.0177983215172537,0.035755544891306,0.121612676510192
"heart",0.84112998652136,-0.39647434293487,0.00931395526922165
"sleep",0.00684054885482539,0.148942882390242,-0.0784488966389115
"step",0.0804398022821233,0.0258065658542806,0.500187296125991
