"","heart","sleep","step"
"(Intercept)",-0.142768911462931,-0.0101785459277998,0.0461990979476957
"weekly_mood_patient",0.0378153397332661,0.567168570679378,-0.0443218558117478
"weekly_mood_caregiver",0.211555542403606,0.0670817279337981,-0.135430779096251
"heart",0.873268740005737,-0.191887366897622,-0.0471159534711355
"sleep",-0.104375840739482,0.292616723773539,-0.0538018811984349
"step",0.0254675721002302,-0.54430515559527,0.723359087635703
