"","heart","sleep","step"
"(Intercept)",1.44227881043985,-0.216775405570353,-0.452063235818688
"weekly_mood_patient",0.116640700470449,-0.190174988262026,0.0658141237335219
"weekly_mood_caregiver",0.284863051419864,0.0810666580973585,-0.395192944663609
"heart",0.0602925517304847,-0.152747545992811,0.200626149385536
"sleep",-0.0210740713533285,0.582330504551371,0.0202367560611321
"step",0.00123359117617057,0.224072560871192,0.255894908126787
