"","heart","sleep","step"
"(Intercept)",0.00425486830948923,0.339684099803043,-0.123407215216977
"weekly_mood_patient",-0.0665337405080963,0.300963317235264,0.00345150830805835
"weekly_mood_caregiver",0.027903023835375,0.452412209690692,-0.0284395300975032
"heart",0.836619637270069,-0.343575870788757,-0.0273050938086222
"sleep",-0.0127006736419648,-0.319256359475258,-0.0191199542027245
"step",-0.0267729263466092,-0.0362692230201654,0.627895493044079
