"","heart_caregiver","sleep_caregiver","step_caregiver"
"(Intercept)",-0.115731186620726,0.858230498914815,0.645330851179236
"weekly_mood_patient",0.031271075169732,0.146195294199251,-0.0154464813571153
"weekly_mood_caregiver",-0.134496250980729,0.439507093671355,0.0274998516468501
"heart_caregiver",0.482093855194896,0.59309029603703,0.179381201710368
"sleep_caregiver",-0.0142272743158828,0.166043879596977,-0.0178898553523856
"step_caregiver",-0.101876203752801,-0.247831418012502,0.305870990328331
