"","heart_caregiver","sleep_caregiver","step_caregiver"
"(Intercept)",0.190393549030242,-0.28521950431925,0.0166540682812288
"weekly_mood_patient",-0.0234385932907461,0.105700746864818,-0.0713684661937183
"weekly_mood_caregiver",0.193769457530064,0.541698749475212,0.613891793281942
"heart_caregiver",0.499676923687204,0.10778019199138,-0.257795153560279
"sleep_caregiver",0.0814941368827362,-0.379650858096537,-0.0264561649638453
"step_caregiver",-0.0480250186688526,-0.059760823819702,0.654200886476361
