"","heart","sleep","step"
"(Intercept)",-0.0772267966410509,-0.320470540123381,0.256271010271066
"weekly_mood_patient",0.011054782916068,0.337276008313875,-0.0811173692838363
"weekly_mood_caregiver",0.0602627133625815,0.711599842415423,-0.206387097385216
"heart",0.616171556821543,-0.260037141158209,-0.556090946122746
"sleep",-0.0630102606299241,-0.305573580604069,-0.267674002516481
"step",-0.0477702525922681,0.0995069567472717,0.249578144047438
