"","heart","sleep","step"
"(Intercept)",0.313709936611767,-0.746242962932351,0.0998212628387031
"weekly_mood_patient",-0.0241716008805815,0.0696276779067581,0.106447157528532
"weekly_mood_caregiver",0.260538036710773,0.223598311102201,0.118539349416371
"heart",0.6268409984162,0.117378087690873,0.0828932656791339
"sleep",0.224341624720815,0.386986550430974,0.00191462945787634
"step",-0.137753685113641,0.0682998517101164,0.798538068590975
