"","heart_caregiver","sleep_caregiver","step_caregiver"
"(Intercept)",-1.48935601224003,0.0788231986554099,-0.729182000356487
"weekly_mood_patient",0.603644791923939,1.16596682014006,0.651132296802417
"weekly_mood_caregiver",0.0922136787800461,-0.397074727635643,0.0367662099558848
"heart_caregiver",-0.50186521313324,-0.283933906963265,-0.611143575580678
"sleep_caregiver",0.0207983689163149,-0.457919487766232,0.0880813300441105
"step_caregiver",0.0334592855073129,-0.0109284365671438,0.609836598963248
