"","heart","sleep","step"
"(Intercept)",-0.340585221007172,0.305845162289857,-0.685409995297459
"weekly_mood_patient",0.485928674775267,0.574329141188188,0.462033583266355
"weekly_mood_caregiver",-0.261875697198148,0.251828857442854,-0.209340915689763
"heart",0.581219793811496,-0.0529822102732187,-0.0947934685725566
"sleep",-0.114401285476739,0.17723151017315,-0.178483265962463
"step",-0.0944711709911714,0.000544823948013388,0.18819578879278
