"","heart","sleep","step"
"(Intercept)",0.540260762526333,0.551040669512367,0.627761220903708
"weekly_mood_patient",-0.104485677414892,-0.0491105867703867,0.0393853532295695
"weekly_mood_caregiver",0.0144160590918636,0.17389006903702,0.249515523608762
"heart",0.745952387134311,-0.0144382185790066,-0.266531970628876
"sleep",-0.0595155207860366,-0.0633623076843688,-0.0552590783909164
"step",-0.0334546945591444,-0.188103500423455,0.461409628440051
