"","heart_caregiver","sleep_caregiver","step_caregiver"
"(Intercept)",-0.4814947370796,0.22331386712407,0.0297858887675683
"weekly_mood_patient",-0.000204624282657746,-0.0468901071031364,0.0922156873572565
"weekly_mood_caregiver",0.269324023702508,-0.0417756258866674,0.293565659274743
"heart_caregiver",0.326191960215581,0.271220430207943,-0.172023028214668
"sleep_caregiver",-0.00819466944366715,0.239419885194937,-0.130450305601671
"step_caregiver",0.14065041822992,-0.0986549911725593,0.653900228205672
