"","heart_caregiver","sleep_caregiver","step_caregiver"
"(Intercept)",-0.361780982347682,-0.593465444417323,-0.315522320274367
"weekly_mood_patient",0.0189880954597385,-0.0239570780370732,0.00599448821566641
"weekly_mood_caregiver",0.160728480534028,-0.108455894880959,0.147941383473651
"heart_caregiver",0.257390750654989,-0.507422726266225,-0.0200536993098064
"sleep_caregiver",0.0345146067680252,-0.0119519278355318,0.0160262133388608
"step_caregiver",0.0318645753241234,0.195664698158847,0.414203580676966
