"","heart_caregiver","sleep_caregiver","step_caregiver"
"(Intercept)",0.480024813154691,-0.399553003829593,0.295385893444363
"weekly_mood_patient",-0.202164607737921,0.233828788322858,-0.381724274742808
"weekly_mood_caregiver",0.265559082163861,-0.297757007894907,0.312400733420664
"heart_caregiver",0.429904240905935,-0.192736915313996,0.207972211123107
"sleep_caregiver",-0.018320133611295,0.0448808330151019,0.0125397198772008
"step_caregiver",0.16991220466092,0.00840785050803106,0.525755351944948
