"","heart","sleep","step"
"(Intercept)",-0.304203298784261,0.76276247272291,0.146837319304161
"weekly_mood_patient",-0.0809323912364649,-0.0468556835510544,-0.22093402257116
"weekly_mood_caregiver",0.0421317717123654,0.0595833931088202,0.175457123967208
"heart",0.548777289606314,0.277671881688612,-0.443061966560029
"sleep",-0.148538016970579,0.124600074724778,-0.383902755130635
"step",-0.0664184288151175,-0.090338239560907,0.691817566360266
