"","heart","sleep","step"
"(Intercept)",0.398933477151354,0.0514804131532976,0.00990301557877532
"weekly_mood_patient",0.0220361481302349,1.0574731020722,-0.0393364278554403
"weekly_mood_caregiver",-0.131271602708074,0.298334059957512,-0.358458273162811
"heart",0.674601902212263,0.395377597388838,-0.025686612625668
"sleep",0.0431184418777631,0.227602326894778,-0.0203675739298508
"step",-0.0859216985076208,-0.0907843403978489,0.506660875463983
