"","heart_caregiver","sleep_caregiver","step_caregiver"
"(Intercept)",-0.644312187699642,-0.106253725128523,0.515314577449131
"weekly_mood_patient",0.114965039108358,-0.0191435699391733,0.397100227873424
"weekly_mood_caregiver",-0.0877177276333044,-0.255414291325987,-1.21932611333271
"heart_caregiver",0.494310001461975,0.0265811948695971,-0.430079163685955
"sleep_caregiver",-0.00439813694250692,-0.0581861424896538,0.0518804821719142
"step_caregiver",0.0496929788380813,0.0139618499549781,0.222141782549922
