"","heart_caregiver","sleep_caregiver","step_caregiver"
"(Intercept)",-1.5094885464974,-0.115527926947369,-0.0796359227548141
"weekly_mood_patient",0.561239917716816,-0.106813292201828,0.374909525142312
"weekly_mood_caregiver",0.10059196173075,0.188095932459919,0.0680873212158428
"heart_caregiver",0.224441098436544,0.0722608530654283,-0.0778388718099197
"sleep_caregiver",-0.0867691062044565,0.314645976212487,0.0371939799731788
"step_caregiver",-0.10085097891818,0.0294489359533516,0.189657955983773
