"","heart_caregiver","sleep_caregiver","step_caregiver"
"(Intercept)",-0.182706114314256,0.826241461076269,0.00871932549928472
"weekly_mood_patient",0.0649023107164968,-0.0861105296464267,0.0547038676874093
"weekly_mood_caregiver",-0.0808718110201019,0.164970996832144,-0.00442450207341301
"heart_caregiver",0.570908181898187,0.180840223878914,0.281778661796587
"sleep_caregiver",-0.0404465441710593,-0.0236173253171521,0.0153823672775347
"step_caregiver",0.0988302868896312,0.065594682933172,0.50629199731205
