"","heart_caregiver","sleep_caregiver","step_caregiver"
"(Intercept)",0.732331399139056,-1.69738055958116,-1.20260786019367
"weekly_mood_patient",-0.0234090399592689,-0.154944368832435,-0.0394551582443293
"weekly_mood_caregiver",-0.00014934228088929,0.314850962338123,-0.142604409168683
"heart_caregiver",0.307280298464122,0.488756689019284,0.243077272042669
"sleep_caregiver",0.0105175615837364,-0.619341635623601,-0.0505764105270599
"step_caregiver",-0.203781294154305,-0.0374533354488695,0.00535512112908177
