"","heart_caregiver","sleep_caregiver","step_caregiver"
"(Intercept)",0.531406338325274,1.19963693729565,-0.315023643926458
"weekly_mood_patient",-0.0410405741530943,0.277013977015679,-0.0482921465816411
"weekly_mood_caregiver",0.126183818364939,-0.308296715774728,-0.217553867407885
"heart_caregiver",0.322754842561211,-0.434166865726332,-0.117258937119338
"sleep_caregiver",-0.0255485952172226,-0.0920843907627021,-0.076699412880205
"step_caregiver",-0.290485375798596,-0.288043930857256,-0.286166500086756
