"","heart","sleep","step"
"(Intercept)",-0.698153774670955,-0.243266391447119,0.0296000303493918
"weekly_mood_patient",0.167114139614659,-0.523501804488363,-0.144044843530912
"weekly_mood_caregiver",0.188677955327781,0.273635901486036,0.0664843487636937
"heart",0.0493227007869779,0.222365557331027,-0.107820541296313
"sleep",-0.10555215813457,0.0745155909231617,-0.0283643397099841
"step",0.0528453471635313,-0.0943225410889993,0.700165580161049
