"","heart_caregiver","sleep_caregiver","step_caregiver"
"(Intercept)",-1.95243037954244,-1.21957925704628,-0.263331708307184
"weekly_mood_patient",-0.0713934151042015,0.711109474828604,-0.159671857786497
"weekly_mood_caregiver",0.0473505519064965,-0.171131635889106,-0.00701741481693231
"heart_caregiver",-0.0202199105121879,-0.5527882680119,-0.0607937446235456
"sleep_caregiver",-0.0976581993706842,0.0945349784638929,0.0155229414284228
"step_caregiver",0.113351636134426,-0.0451458391118645,0.395670661061566
