"","heart","sleep","step"
"(Intercept)",0.462457481356663,-2.18043767669775,1.10650560304063
"weekly_mood_patient",-0.0893390331330066,0.363557037824469,1.77907505748918
"weekly_mood_caregiver",-0.107290309446544,0.354875160376128,0.0569059655713046
"heart",0.82217730797947,0.047732673518446,-0.0628399602073375
"sleep",0.0018151258322199,0.343848852685676,0.92943612462797
"step",-0.081102535882045,0.0184718236432621,0.181375909297435
