"","heart","sleep","step"
"(Intercept)",-0.0754594648399122,-0.906106394068609,0.289380573901589
"weekly_mood_patient",0.0809193431657184,0.065689564933048,0.0158115918221206
"weekly_mood_caregiver",0.0212222981352577,-0.232051639366864,0.16824393477484
"heart",0.411323015759631,0.250148965685306,-0.251311080960686
"sleep",0.0176082008185433,-0.0433839840105457,0.143674914306091
"step",-0.0216648243804206,0.0179087314490348,0.0372200341076907
