"","heart","sleep","step"
"(Intercept)",-0.275779643720765,-0.0884119841724847,0.120440492032857
"weekly_mood_patient",-0.238983540063553,-0.206908288662549,0.433358237697026
"weekly_mood_caregiver",-0.360427611050785,0.0468775770713391,0.799630248258832
"heart",0.380535062211122,0.0642549606500618,0.0372699560564625
"sleep",-0.181672842521949,0.485787874759144,0.119203655581042
"step",-0.0563826359447273,-0.0315992967765577,0.297355122976646
