"","heart","sleep","step"
"(Intercept)",0.661893419706765,-0.183038350481473,-1.20314877317531
"weekly_mood_patient",0.0524956498619348,-0.339874483397072,0.0848719494769887
"weekly_mood_caregiver",-0.545127428189613,0.640168204481358,0.827125095258968
"heart",-0.41782283338007,-0.117099013402697,0.283323128125226
"sleep",0.0893295352713121,0.0510735519952186,-0.113906707109183
"step",-0.106333163442444,0.000408097412435406,0.255037316940589
