"","heart_caregiver","sleep_caregiver","step_caregiver"
"(Intercept)",-0.791265208988797,1.26159642521485,-1.50135770504481
"weekly_mood_patient",0.146972694736593,0.0071606154718133,-0.0674262070324799
"weekly_mood_caregiver",0.261235447188564,-0.558769013294439,0.274356835094801
"heart_caregiver",-0.340478494680146,-0.140248214145156,-0.0335585390645829
"sleep_caregiver",0.0587668103763791,0.189980651294414,0.0646838871808833
"step_caregiver",0.14634897706873,0.375854166063032,0.107770996259936
