"","heart","sleep","step"
"(Intercept)",-0.00477587273075597,-0.118613612534631,0.00444942251091527
"weekly_mood_patient",-0.025049455616267,0.0719859124687471,0.0499802839486018
"weekly_mood_caregiver",-0.0301364318085328,-0.0222524411144443,-0.0624155439813031
"heart",0.750977177774173,0.0640617709985772,-0.178582715527558
"sleep",-0.00939164284375395,0.348030174826031,0.0925325626035715
"step",-0.00669779215146022,0.0642565926881722,0.495207638251823
