"","heart","sleep","step"
"(Intercept)",-1.13658126702342,-1.06327862775092,-1.08143545593474
"weekly_mood_patient",-0.0765940995749906,0.81956503627959,0.247223931979294
"weekly_mood_caregiver",-0.00917949610483001,-0.194284689266241,0.0269907402106591
"heart",0.448902904057005,-0.0248773725198425,-0.00389161605202041
"sleep",-0.000642545728304503,0.286998597721677,-0.0575920036468287
"step",-0.450605534905817,-0.467927176618473,0.257670295713382
