"","heart","sleep","step"
"(Intercept)",0.0677242029081331,-0.418595827473727,-0.311043367839041
"weekly_mood_patient",0.083572362918291,0.204928849621913,0.00801873699116759
"weekly_mood_caregiver",-0.149649079154248,1.70050488313433,-0.0694903604875988
"heart",0.905939346238183,-0.271777807131322,-0.0844592044876533
"sleep",-0.0128083058336636,0.0497079695777969,0.00223802578310082
"step",-0.0745845496755979,-0.234355727394997,0.558134068322686
