"","heart_caregiver","sleep_caregiver","step_caregiver"
"(Intercept)",-0.000561798202817906,0.125543541659591,-0.654006436830441
"weekly_mood_patient",-0.0648028897565283,0.22949550500602,-0.0128066785663196
"weekly_mood_caregiver",-0.219756666007271,-0.0329208345402042,0.538200200300224
"heart_caregiver",0.564659094375689,0.132234873697624,-0.0778079805741425
"sleep_caregiver",-0.0664045327881293,0.0585941203759773,-0.0147997399027931
"step_caregiver",0.00456045088538481,0.0947652697822064,0.0821962095283119
