"","heart","sleep","step"
"(Intercept)",0.283028539560806,-0.290830818382865,-0.483665555886812
"weekly_mood_patient",0.101234481381743,0.116266713382798,0.597014160312337
"weekly_mood_caregiver",0.147742314394687,0.322159557784387,-0.0693217376317887
"heart",0.58141972024705,-0.108944435722738,-0.219246851670347
"sleep",-0.00136323764515556,0.568213091592641,0.0518453491124385
"step",-0.0312120008186627,-0.0696851880269915,0.0456197179917539
