"","heart","sleep","step"
"(Intercept)",0.0896513449112271,-0.391847958897783,-0.941269190432777
"weekly_mood_patient",-0.305883601699047,0.261246224914896,0.464027044457026
"weekly_mood_caregiver",-0.121267977561905,-0.156366986316415,-0.113252179640697
"heart",0.215691654017537,-0.383710138096283,-0.117186543326233
"sleep",0.0254310915364634,-0.0406651157788711,-0.0388532707087593
"step",-0.0948328196634281,-0.198701658059022,-0.120555579104893
