"","heart_caregiver","sleep_caregiver","step_caregiver"
"(Intercept)",0.708219940190949,0.381457141294445,-0.0104604350154699
"weekly_mood_patient",0.0178324435956292,-0.215321937737626,-0.171083320624201
"weekly_mood_caregiver",0.019481552200879,0.125834103300721,0.163899395187147
"heart_caregiver",0.526948156364717,-0.302328979103418,-0.363695990759652
"sleep_caregiver",-0.0706910983045229,0.0634633255557003,-0.172983642574227
"step_caregiver",-0.051266606809674,0.0167225086488631,0.458138228090239
