"","heart_caregiver","sleep_caregiver","step_caregiver"
"(Intercept)",1.80889942336198,-0.391580305528405,0.70475233835847
"weekly_mood_patient",0.21054628425791,-0.400307572728448,-0.226495904630239
"weekly_mood_caregiver",-0.284283568429437,-0.0755307274000613,-0.636766682307757
"heart_caregiver",-0.273420876995702,0.199067264008073,0.0951475477574122
"sleep_caregiver",-0.0398490472719872,-0.0238900701908383,0.0035239849971782
"step_caregiver",0.222599817760753,-0.112053201872837,0.64585449427019
