"","heart","sleep","step"
"(Intercept)",-0.473499152187417,-0.342081023245361,0.0791488004824013
"weekly_mood_patient",0.297871067280594,0.377014360588736,0.639460945391094
"weekly_mood_caregiver",-0.13689810871895,-0.0279744086994677,-0.409224957234352
"heart",0.651804752676462,-0.0973418690353796,-0.128315551573413
"sleep",0.0526411428676616,-0.222656325917139,-0.0183662549161638
"step",-0.0444163272898462,-0.0638033473416215,0.325438488340168
