"","heart_caregiver","sleep_caregiver","step_caregiver"
"(Intercept)",-0.0971213643000253,0.611983347077488,0.975747468200971
"weekly_mood_patient",-0.215733163539778,-0.0965349155760377,-0.0902616560783194
"weekly_mood_caregiver",0.192603380465719,-0.00192361159399782,0.220541652773374
"heart_caregiver",0.215157214706019,-0.135479798236586,0.00877675902603962
"sleep_caregiver",-0.0409172523559535,-0.205611263516932,-0.0243661212314675
"step_caregiver",-0.0218522215511287,0.0193224600121322,0.0295705732592883
