"","heart","sleep","step"
"(Intercept)",-0.0821725169414278,0.405671870418936,-0.0568010707667698
"weekly_mood_patient",0.0106232041533879,-0.109737765183893,-0.0317446647339506
"weekly_mood_caregiver",0.0855285433179426,-0.00846256950055811,0.0668952919214774
"heart",0.777170086442793,-0.00259626699702989,-0.149062393953496
"sleep",-0.114141654412368,0.599493537991477,-0.335736778218058
"step",-0.259267197058555,0.159267660902095,0.204971403651295
