"","heart","sleep","step"
"(Intercept)",0.26641010924457,0.0505255976391947,0.0753728260126963
"weekly_mood_patient",-0.086983164682821,0.295649649994104,0.166372437360025
"weekly_mood_caregiver",0.213740945018262,-0.171704160756023,-0.0543129918724908
"heart",0.301902046533677,-0.34150441039954,-0.306763696468127
"sleep",0.0519894311340964,0.0742894008593035,0.0361891618557654
"step",-0.158183746469787,-0.0758478970214571,0.544314830743181
