"","heart_caregiver","sleep_caregiver","step_caregiver"
"(Intercept)",-0.585501089859819,0.140698795836905,0.288197154550803
"weekly_mood_patient",0.189328002575858,-0.243734125222733,0.22667487440261
"weekly_mood_caregiver",0.212586211445136,0.561989704216993,0.245704308269128
"heart_caregiver",0.478998476922162,-0.268184750158107,0.0950772173301844
"sleep_caregiver",-0.0336256857968624,0.0253157540644091,0.065176263034774
"step_caregiver",-0.0170425122430612,0.0732448119932486,0.188229596784578
