"","heart_caregiver","sleep_caregiver","step_caregiver"
"(Intercept)",-1.85967870272473,-1.18254669504421,0.236372787310589
"weekly_mood_patient",-0.00829473671181419,0.159480524618549,0.171994045671852
"weekly_mood_caregiver",-0.330420338428816,0.786139284467146,-0.130968071325617
"heart_caregiver",-0.404542586815362,-0.489869608903021,-0.157674093248776
"sleep_caregiver",-0.106110896316974,0.138139400803139,-0.0275445394441165
"step_caregiver",0.057715379737546,-0.00331623033348221,0.697930436114105
