"","heart_caregiver","sleep_caregiver","step_caregiver"
"(Intercept)",-0.127181581359088,0.936101222819205,-0.209211550001861
"weekly_mood_patient",0.0195353858007832,0.67992820032045,-0.0419968205877462
"weekly_mood_caregiver",-0.122600354506257,-1.31974001230591,0.0337412384712246
"heart_caregiver",0.0400154038640309,0.350060456389668,-0.804274720044182
"sleep_caregiver",-0.102219027488022,-0.236307076063635,-0.120280442084057
"step_caregiver",0.0456084971658621,0.104913395510986,0.701196188253782
