"","heart_caregiver","sleep_caregiver","step_caregiver"
"(Intercept)",0.329837076233935,-0.582761264384945,-0.268463791736679
"weekly_mood_patient",0.079369683891463,-0.177843256583063,-0.131486620467009
"weekly_mood_caregiver",-0.362082494662398,-0.477066081817747,-0.070365957227361
"heart_caregiver",0.451971681490343,-0.203707708895279,0.0508446272044727
"sleep_caregiver",0.00127504100804616,-0.115897621681486,0.01634419019613
"step_caregiver",-0.228203571213244,0.320018072388962,0.353811349402544
