"","heart","sleep","step"
"(Intercept)",0.157571246852831,0.216646156847302,0.140715323178465
"weekly_mood_patient",-0.0942021962947745,-0.0398378248879507,0.160592460283377
"weekly_mood_caregiver",-0.673445968063184,0.675003546690626,-0.466456634857797
"heart",0.757386039974557,0.142420494421812,-0.306478857589043
"sleep",0.0061690032305233,0.0701334628786264,0.0848127916543377
"step",-0.0357628551339747,-0.0297370326063591,0.719956453997731
