"","heart_caregiver","sleep_caregiver","step_caregiver"
"(Intercept)",0.529241118559986,0.464258087417314,1.37468652541641
"weekly_mood_patient",-0.0392307918094365,-0.0558257381683848,-0.224292962565637
"weekly_mood_caregiver",0.147645144878233,0.143994549333153,0.282723120875664
"heart_caregiver",0.566697158444008,-0.190560920850337,-0.486780677918528
"sleep_caregiver",-0.0659067434702775,0.214656055055017,-0.0716293394037121
"step_caregiver",0.0871977040708825,0.0121280010356914,-0.173345946249459
