"","heart","sleep","step"
"(Intercept)",0.172007902259749,-0.361440019747441,0.780299041052884
"weekly_mood_patient",0.0551893535473641,-0.276865762971866,0.142285376585747
"weekly_mood_caregiver",0.0230447762038802,0.259672255374716,0.566663007830538
"heart",0.639394085362358,-0.266627802764832,-0.736306724542419
"sleep",0.0578161605312779,0.517951778717565,-0.153046968012785
"step",-0.103863388166589,0.0750211157495949,0.495304194552085
