"","heart","sleep","step"
"(Intercept)",-0.284171526163483,-1.45740983572143,-0.364289985552873
"weekly_mood_patient",-0.275123222572613,-0.272619474892247,0.0714108383562942
"weekly_mood_caregiver",0.112499323437524,0.034692579888601,-0.0931264592369703
"heart",0.694675245493655,0.0897196298407295,0.0431198067792252
"sleep",-0.0595223886339838,-0.0749861885321371,0.0291233116398401
"step",-0.213016083945255,-0.366286805384244,0.582886274130114
