"","heart_caregiver","sleep_caregiver","step_caregiver"
"(Intercept)",-0.448490004486905,-0.979514809526513,-0.142889102801304
"weekly_mood_patient",0.181892627155775,-0.331876647068239,0.020571460958396
"weekly_mood_caregiver",-0.00201417949057255,0.692882969449325,0.176277320617025
"heart_caregiver",-0.168505773514506,0.170196112965478,0.0351115676260017
"sleep_caregiver",-0.248693637498952,-0.0584832762265398,-0.089551963365755
"step_caregiver",-0.12151720778257,0.0538605420112883,0.210683446393441
