"","heart_caregiver","sleep_caregiver","step_caregiver"
"(Intercept)",0.695255888274438,0.870885127848658,-2.25903842275467
"weekly_mood_patient",-0.234443420067488,-1.61835115874513,2.67114189187121
"weekly_mood_caregiver",-0.0948669380474821,-0.38906830616129,0.928404412867329
"heart_caregiver",0.80762281951164,0.20446603654986,-0.299224736950646
"sleep_caregiver",0.0754072762771548,0.119496670206659,0.451426510844168
"step_caregiver",0.0347555095418056,-0.0200438639900622,-0.136109249102932
