"","heart","sleep","step"
"(Intercept)",0.0821910925363463,0.160085659363692,0.0580981784126818
"weekly_mood_patient",0.0719635428304907,0.188594616226465,-0.172372501988379
"weekly_mood_caregiver",-0.332101337155329,-0.109025647005469,-0.0306088082711804
"heart",0.701507696002424,0.0552589605744657,-0.217949090926604
"sleep",-0.0290772543662494,0.0418228436329882,-0.0225374917622864
"step",-0.0721902577981219,-0.0537721501826635,0.399165796970251
