"","heart_caregiver","sleep_caregiver","step_caregiver"
"(Intercept)",0.583686129403397,-0.948430631370168,-1.11315576002464
"weekly_mood_patient",0.12719077346071,-0.183651341234598,-0.181889401258058
"weekly_mood_caregiver",0.0719769934281535,-0.203604620042711,-0.0892995189238169
"heart_caregiver",0.770084350664301,0.226998831428263,0.142931095464335
"sleep_caregiver",-0.00403197471165524,-0.137568499338665,-0.0985207639448535
"step_caregiver",0.0535712582890022,-0.179098787559623,0.481459587876703
