"","heart_caregiver","sleep_caregiver","step_caregiver"
"(Intercept)",-0.123806890587956,0.331507282453632,-0.274546879058478
"weekly_mood_patient",0.121985080001491,-0.0783359108479443,-0.3825893087375
"weekly_mood_caregiver",-0.0368843700559187,-0.73263614421353,0.232606746949913
"heart_caregiver",0.605365501324861,-0.0571049166466331,-0.117580477061916
"sleep_caregiver",0.0697036637684972,0.254350840713184,0.149045654521739
"step_caregiver",0.0169944624985785,-0.0455744062843825,0.188137707446768
