"","heart_caregiver","sleep_caregiver","step_caregiver"
"(Intercept)",0.779557024251357,0.198500774843866,-0.0635460004346018
"weekly_mood_patient",0.0705367731202404,0.126453396485108,0.0528667578973486
"weekly_mood_caregiver",-0.151046769499604,0.171634164189189,0.0509012399783398
"heart_caregiver",0.211774443615541,0.128636296470158,-0.146346090408656
"sleep_caregiver",-0.142134308932629,-0.533269946232556,-0.204915134851693
"step_caregiver",0.0819067306691891,-0.185899278025232,0.586500330698247
