"","heart","sleep","step"
"(Intercept)",0.504855517483734,1.21568196535198,-0.39755176450976
"weekly_mood_patient",0.334312009849456,0.31849075694497,-0.16220823552557
"weekly_mood_caregiver",0.0958779853275193,0.638390678213925,-0.447855251865535
"heart",0.176655795872886,-0.184917730615263,-0.0224450369059485
"sleep",-0.058220268718544,-0.368845378910422,0.113110640123852
"step",0.092511791596062,0.103565181122864,0.335617448088754
