"","heart_caregiver","sleep_caregiver","step_caregiver"
"(Intercept)",-0.403006052843393,-1.48372198484907,0.111248992187881
"weekly_mood_patient",0.0290319052364503,-0.06853353870613,0.0820781138734089
"weekly_mood_caregiver",0.00848889122202574,0.211039684689061,0.150717458417912
"heart_caregiver",0.721865006129661,-0.737882223020302,0.204793796436105
"sleep_caregiver",0.111652374200263,-0.129052988998494,0.123327596674152
"step_caregiver",-0.0662499780235733,-0.0883290306942143,0.18362138548215
