"","heart_caregiver","sleep_caregiver","step_caregiver"
"(Intercept)",0.398616661156288,0.178685215927687,1.0235937304763
"weekly_mood_patient",-0.0706337031265513,-0.34117535665612,-0.0335294901403161
"weekly_mood_caregiver",-0.146947293671918,-0.121928968928456,-0.364785522813771
"heart_caregiver",0.756924015159205,-0.552208416453335,-0.345699121749425
"sleep_caregiver",0.124016597930012,-0.145441903803661,-0.0542525285422498
"step_caregiver",-0.0801076552883627,-0.153983970604711,0.0375255655373674
