"","heart","sleep","step"
"(Intercept)",0.62336097032095,0.222680746797451,-0.0852197724758781
"weekly_mood_patient",-1.53404291576062,-1.08285201137313,-0.0537819892032479
"weekly_mood_caregiver",-0.311048429489365,0.0820409829737137,0.0383865328125317
"heart",0.578990764422763,0.0870798679252436,-0.0690985083475312
"sleep",0.131460919299287,0.435666956352724,-0.0521230818659048
"step",-0.515476949038178,0.196127320624054,0.762301759351099
