"","heart_caregiver","sleep_caregiver","step_caregiver"
"(Intercept)",0.795715834272705,0.121156112668415,0.303408471632971
"weekly_mood_patient",-0.048300734305378,-5.06047077001691,-1.92764112063889
"weekly_mood_caregiver",-0.110235926866135,0.120796058548372,0.12489774919957
"heart_caregiver",-0.303229747310322,0.440935469148745,0.0154708065078247
"sleep_caregiver",-0.027466641984286,-0.0973756983326165,-0.0805854073677697
"step_caregiver",0.0170552038102235,0.413999470922939,0.236089057724524
