"","heart_caregiver","sleep_caregiver","step_caregiver"
"(Intercept)",-0.0684172970423449,0.434715793820554,0.122873789315814
"weekly_mood_patient",0.0846561044071861,-0.12632236994191,0.0351988283153833
"weekly_mood_caregiver",-0.181891134010211,0.688412612129922,0.109744886575084
"heart_caregiver",0.510001075403441,-0.414270015739248,0.278337881547091
"sleep_caregiver",-0.109375315684107,-0.177126087271055,-0.103765295874856
"step_caregiver",-0.250345110875854,0.131810245579016,0.0641872657500061
