"","heart","sleep","step"
"(Intercept)",0.0638450811859927,-0.466353733947621,0.548805886608171
"weekly_mood_patient",-0.0303958456078211,0.102434327659555,-0.00602433696850152
"weekly_mood_caregiver",0.0147645317164197,0.064012628329664,0.48230000500335
"heart",0.880752701078871,-0.415009569621443,-0.301576331899476
"sleep",0.126336201751821,0.21897440040913,-0.059588975178964
"step",-0.0276103807398334,-0.105973405652726,-0.307562515709763
