"","heart","sleep","step"
"(Intercept)",-0.0955155286279202,0.618470387645878,-0.0287996249355738
"weekly_mood_patient",0.00880143396342938,-0.633592888840536,-0.0785199533556973
"weekly_mood_caregiver",0.0555297202840815,0.257744033159175,0.0242547463409332
"heart",0.844167246042603,0.120910384597349,-0.0988021995403216
"sleep",0.035647448425785,0.373276070787732,-0.0428769698086892
"step",-0.0483643076518048,-0.291595235513761,0.825881203588797
