"","heart","sleep","step"
"(Intercept)",-0.594132951174159,0.730554133445803,0.563935251218159
"weekly_mood_patient",-0.0201950957750852,-0.0315660047442575,0.0109802777149634
"weekly_mood_caregiver",-0.0607392202945452,0.0794340182108764,0.0808378900505414
"heart",0.63554244628732,0.411347513352914,0.329755253228778
"sleep",0.067449104005911,0.246532705991305,0.012160002449183
"step",0.0584989461377665,-0.0621712920617094,0.625845229514199
