"","heart","sleep","step"
"(Intercept)",-0.699258189181977,0.854648430695246,-0.497514178583491
"weekly_mood_patient",0.434165819722954,-0.821541057342781,0.756182618029349
"weekly_mood_caregiver",0.215934784394869,-0.335107214188636,0.209375970787249
"heart",0.550252282178222,0.447158605576816,-0.179340026877828
"sleep",-0.0131131136802885,0.477830075881136,-0.00580146978674658
"step",-0.0402567991699884,0.3009979199066,0.324305130181113
