"","heart","sleep","step"
"(Intercept)",0.0373207330956954,0.480647875270806,-0.113396265150801
"weekly_mood_patient",-0.0137489091854145,0.113620942406399,0.332145323725411
"weekly_mood_caregiver",-0.0978467437051313,0.000771400856276048,0.388934381723764
"heart",0.478334471711944,0.131771698882933,0.0308111422338352
"sleep",0.0332067032986411,-0.105934155165475,-0.0791055835711634
"step",-0.0239772980633202,0.0908902317894375,0.316855392431838
