"","heart","sleep","step"
"(Intercept)",-0.346968292229271,-0.089332843319423,0.433197989118916
"weekly_mood_patient",-0.0671131583965416,-0.29626511009736,-0.0763426321075722
"weekly_mood_caregiver",0.175906688342448,-0.399669718192686,-0.61941115315286
"heart",0.543296122847081,0.171017590118798,-0.0595714710056554
"sleep",-0.00217411084876387,0.32645587276938,0.0243698315027589
"step",-0.00644408722922324,-0.118350272847808,0.0112859866645135
