"","heart_caregiver","sleep_caregiver","step_caregiver"
"(Intercept)",0.186006190830124,-0.0457419752756648,0.605110314407527
"weekly_mood_patient",-0.0301456251182413,0.195944118340692,0.139050001098848
"weekly_mood_caregiver",0.0516303893483567,0.144470401302416,0.375777931913414
"heart_caregiver",0.566003572480134,0.0525419767714683,-0.0481629585865085
"sleep_caregiver",0.056957927263769,0.064790276752958,0.00503466800445427
"step_caregiver",0.0511489705741544,-0.156062334353757,0.527629363185604
