"","heart","sleep","step"
"(Intercept)",-0.188761840181152,0.446208191094987,0.232478744447257
"weekly_mood_patient",0.0968146329882786,-0.0539865683782697,-0.008209951682385
"weekly_mood_caregiver",-0.0380345128295932,-0.151841460704146,-0.098448952027063
"heart",0.795811908393258,0.158394451478308,-0.191096189714873
"sleep",0.19614460753197,-0.13280382881304,0.162330412903583
"step",-0.0452017401000198,-0.130709536724219,0.60900917981107
