"","heart_caregiver","sleep_caregiver","step_caregiver"
"(Intercept)",-0.311407915823982,0.240074512721641,-0.353089690214941
"weekly_mood_patient",-0.21406482385248,-0.210395689262705,-0.163215702921726
"weekly_mood_caregiver",-0.0926111497302241,0.191452435064338,-0.069259409814416
"heart_caregiver",0.495620896722802,0.0771186245348172,0.0440806972197494
"sleep_caregiver",-0.025274907594583,-0.0343725710677054,-0.139912764265524
"step_caregiver",0.0570818808965078,0.188159687367424,0.644765452706781
