"","heart_caregiver","sleep_caregiver","step_caregiver"
"(Intercept)",1.2461962369987,-0.254473859763473,0.0986091509136285
"weekly_mood_patient",-0.47721435767199,0.892000095034861,0.435630221149647
"weekly_mood_caregiver",-0.118029132736184,0.472604313516225,-0.225092299445344
"heart_caregiver",0.0401816741962947,0.213690529860812,-0.158703593544418
"sleep_caregiver",-0.0391468029668367,0.170113450529725,-0.039053906401527
"step_caregiver",-0.162904543619979,-0.171987482906553,0.180790423207578
