"","pair_id","heart","sleep","step","heart_caregiver","sleep_caregiver","step_caregiver","weekly_mood_patient","weekly_mood_caregiver"
"810",2,0.11492309154877,0.643510769508359,-0.452853223947532,-0.416992500623831,-2.15332701627629,1.22150347508026,-1.59004865082772,0.131018141779256
