"","pair_id","heart","sleep","step","heart_caregiver","sleep_caregiver","step_caregiver","weekly_mood_patient","weekly_mood_caregiver"
"8102",19,0.670433233669735,0.24335175144495,-0.359680323867814,0.681816240261287,-2.89432275106974,-1.3570704004066,0.627501719748957,1.03659409198353
