"","pair_id","heart","sleep","step","heart_caregiver","sleep_caregiver","step_caregiver","weekly_mood_patient","weekly_mood_caregiver"
"8156",40,-0.518914591446059,-0.137958943057076,2.33159502526662,-1.03959563032089,0.476093327992163,0.858228351786406,-1.79164413906196,-0.573318708379623
