"","pair_id","heart","sleep","step","heart_caregiver","sleep_caregiver","step_caregiver","weekly_mood_patient","weekly_mood_caregiver"
"8103",20,-0.163901793012228,0.141752981318538,0.5603632904339,-1.33749016746006,-0.231987780403374,1.39812668547386,0.425906231514714,0.231637691801953
