"","pair_id","heart","sleep","step","heart_caregiver","sleep_caregiver","step_caregiver","weekly_mood_patient","weekly_mood_caregiver"
"8138",31,-0.634659464912719,0.0170317324736998,0.639852658005528,-1.04612560341484,0.480051415976722,-0.79206622205417,-0.078082489070894,-0.673938258402321
