"","pair_id","heart","sleep","step","heart_caregiver","sleep_caregiver","step_caregiver","weekly_mood_patient","weekly_mood_caregiver"
"8160",42,0.269855962922942,0.00427933511990182,0.252910470186726,0.503518928384479,-2.08791440432095,-1.55483698246546,-0.985262186124989,-2.03230218370873
