"","pair_id","heart","sleep","step","heart_caregiver","sleep_caregiver","step_caregiver","weekly_mood_patient","weekly_mood_caregiver"
"8168",46,1.33632247121276,-1.34158906252709,3.19146498355438,1.32119974044046,-2.24436303992114,-0.0218811201136769,-0.682868953773624,-0.875177358447715
