"","pair_id","heart","sleep","step","heart_caregiver","sleep_caregiver","step_caregiver","weekly_mood_patient","weekly_mood_caregiver"
"8146",35,0.650666784221562,0.895475719421863,-0.969185780241536,0.182572359802964,-2.26582004320586,-0.731472877251842,-0.380475721422259,-0.170840508288835
