"","pair_id","heart","sleep","step","heart_caregiver","sleep_caregiver","step_caregiver","weekly_mood_patient","weekly_mood_caregiver"
"8132",28,-0.9466139457575,0.197667338946729,-0.946274969608536,-1.01167172788029,0.954813653703533,-1.32793300819317,-1.69084639494484,0.131018141779256
