"","pair_id","heart","sleep","step","heart_caregiver","sleep_caregiver","step_caregiver","weekly_mood_patient","weekly_mood_caregiver"
"8170",47,-1.57375528882003,-0.179859677219555,0.730974905814684,-0.8088080328656,-0.464056728550661,0.20204815972508,-0.985262186124989,0.734735441915439
