"","pair_id","heart","sleep","step","heart_caregiver","sleep_caregiver","step_caregiver","weekly_mood_patient","weekly_mood_caregiver"
"8140",32,0.541217939293913,0.461403732571431,-0.0515565323339695,1.11617280736025,0.546713950453501,0.635693408646661,0.8290972079832,-0.0702209582661377
