"","pair_id","heart","sleep","step","heart_caregiver","sleep_caregiver","step_caregiver","weekly_mood_patient","weekly_mood_caregiver"
"890",16,2.03992496521515,1.0442303325104,-0.940445998097341,0.711760172205167,0.0600774487730139,0.553158268705254,0.627501719748957,-0.372079608334229
