"","pair_id","heart","sleep","step","heart_caregiver","sleep_caregiver","step_caregiver","weekly_mood_patient","weekly_mood_caregiver"
"8100",17,-0.291984237296909,0.450473106268175,0.682122845205599,-2.13809742979729,0.99668605817176,0.150967457931561,0.526703975631836,-0.573318708379623
