"","pair_id","heart","sleep","step","heart_caregiver","sleep_caregiver","step_caregiver","weekly_mood_patient","weekly_mood_caregiver"
"8142",33,-0.35870396483308,0.24433270508755,0.318757433565964,1.41359542043009,0.0929920751709236,0.191611058646385,-0.682868953773624,-1.2776555585385
