"","pair_id","heart","sleep","step","heart_caregiver","sleep_caregiver","step_caregiver","weekly_mood_patient","weekly_mood_caregiver"
"8164",44,3.71458230939685,0.343689295459449,-1.12541162259019,-0.545106152080534,0.576920411388292,-0.799157347173885,-0.682868953773624,-0.673938258402321
