"","pair_id","heart","sleep","step","heart_caregiver","sleep_caregiver","step_caregiver","weekly_mood_patient","weekly_mood_caregiver"
"812",3,0.272985871498606,0.905075051495876,-0.341286047335996,0.100269715984432,0.647124393009149,0.371009177111834,-0.279677977305137,0.634115891892742
