"","pair_id","heart","sleep","step","heart_caregiver","sleep_caregiver","step_caregiver","weekly_mood_patient","weekly_mood_caregiver"
"8108",25,0.0246416373252287,0.817770177304489,-1.23907893871479,1.11497818280149,-1.9989615848785,-1.73917936993118,0.0227152550462273,0.634115891892742
