"","pair_id","heart","sleep","step","heart_caregiver","sleep_caregiver","step_caregiver","weekly_mood_patient","weekly_mood_caregiver"
"818",6,2.75283468824615,0.130121673841996,-0.707847912013809,-0.896274766888721,1.08063918752845,-0.273677676013522,1.13149044033456,-0.472699158356927
