"","pair_id","heart","sleep","step","heart_caregiver","sleep_caregiver","step_caregiver","weekly_mood_patient","weekly_mood_caregiver"
"8174",49,-0.418848361982897,0.216305458156126,0.962551427793968,0.134130268099722,0.444636944535933,0.584349604747357,0.627501719748957,0.835354991938136
