"","pair_id","heart","sleep","step","heart_caregiver","sleep_caregiver","step_caregiver","weekly_mood_patient","weekly_mood_caregiver"
"814",4,0.956596663831699,0.225554449643496,0.595257818626301,-0.610298587810287,1.36062183233093,-0.754751301703125,0.123512999163349,-0.0702209582661377
