"","pair_id","heart","sleep","step","heart_caregiver","sleep_caregiver","step_caregiver","weekly_mood_patient","weekly_mood_caregiver"
"8105",22,-0.598955643702809,-0.0576608805985457,0.64106707750961,-0.288786184062116,0.00174773110583225,-0.965265279384719,-0.884464442007867,-3.49128565903784
