"","pair_id","heart","sleep","step","heart_caregiver","sleep_caregiver","step_caregiver","weekly_mood_patient","weekly_mood_caregiver"
"8166",45,-0.279257247098002,0.0712644552860057,1.21465273765885,-0.946435493049329,0.590252918283647,0.747488566885575,0.8290972079832,-0.0702209582661377
