"","pair_id","heart","sleep","step","heart_caregiver","sleep_caregiver","step_caregiver","weekly_mood_patient","weekly_mood_caregiver"
"8144",34,1.07582558518333,-1.40254832460294,-0.247943201545615,-0.698518087223955,0.447136789578812,-1.49885872064879,-1.59004865082772,1.23783319202893
