"","pair_id","heart","sleep","step","heart_caregiver","sleep_caregiver","step_caregiver","weekly_mood_patient","weekly_mood_caregiver"
"8101",18,1.19274585250993,0.220369408961182,-0.812884091196657,0.0363049943056867,-1.70856291906403,-1.02053673446981,0.22431074328047,0.332257241824651
