"","pair_id","heart","sleep","step","heart_caregiver","sleep_caregiver","step_caregiver","weekly_mood_patient","weekly_mood_caregiver"
"8158",41,-1.2308379234009,-1.07364858186267,-1.23039738075845,1.85099726639203,0.339018491474286,-0.291499239526214,0.526703975631836,1.13721364200623
