"","pair_id","heart","sleep","step","heart_caregiver","sleep_caregiver","step_caregiver","weekly_mood_patient","weekly_mood_caregiver"
"870",14,0.960171875071067,-1.73677324426017,0.206176629235352,-1.55718020283321,-0.432392024674191,-0.741498659208707,-0.380475721422259,-1.3782751085612
