"","pair_id","heart","sleep","step","heart_caregiver","sleep_caregiver","step_caregiver","weekly_mood_patient","weekly_mood_caregiver"
"8130",27,-1.046493721691,-0.355870787948899,0.35315412754903,-1.29817268643207,0.0340373962430221,-2.34238998675569,0.425906231514714,0.332257241824651
