"","pair_id","heart","sleep","step","heart_caregiver","sleep_caregiver","step_caregiver","weekly_mood_patient","weekly_mood_caregiver"
"8104",21,-0.633030331648166,0.054307970892494,0.782214332763789,0.471474588570201,1.00772704044448,0.137784016678711,0.425906231514714,-2.18323150874278
