"","pair_id","heart","sleep","step","heart_caregiver","sleep_caregiver","step_caregiver","weekly_mood_patient","weekly_mood_caregiver"
"820",7,-0.735604476814985,4.59114849979946,0.0437097417517613,0.894302417393316,0.45338640218601,0.577363720728711,1.03069269621744,-0.271460058311532
