"","pair_id","heart","sleep","step","heart_caregiver","sleep_caregiver","step_caregiver","weekly_mood_patient","weekly_mood_caregiver"
"8107",24,0.832923005331859,-0.192331802104039,0.661009196083884,-1.69930931689374,-0.284901167144318,0.510927824273716,-0.279677977305137,0.432876791847347
