"","pair_id","heart","sleep","step","heart_caregiver","sleep_caregiver","step_caregiver","weekly_mood_patient","weekly_mood_caregiver"
"830",10,-0.261973867529864,1.02503166836237,1.67926499890493,-0.673994917682896,1.66310308251931,1.15661299803763,1.03069269621744,0.231637691801953
