"","pair_id","heart","sleep","step","heart_caregiver","sleep_caregiver","step_caregiver","weekly_mood_patient","weekly_mood_caregiver"
"8152",38,-0.491944075985946,0.628165851813405,0.0347689272765415,-0.318377378498587,0.647749354269869,-0.85425879751269,-0.783666697890745,0.231637691801953
