"","pair_id","heart","sleep","step","heart_caregiver","sleep_caregiver","step_caregiver","weekly_mood_patient","weekly_mood_caregiver"
"840",11,0.047114263630462,0.350415834722991,-0.2378422368075,-0.484019231969745,0.108616106688919,-0.77137739552389,-1.79164413906196,0.131018141779256
