"","pair_id","heart","sleep","step","heart_caregiver","sleep_caregiver","step_caregiver","weekly_mood_patient","weekly_mood_caregiver"
"8172",48,0.915082921691986,0.331777715513594,-1.09712979449396,1.8826369256047,1.42374291966363,-0.720919715883367,-2.09403737141333,-1.68013375862929
