"","pair_id","heart","sleep","step","heart_caregiver","sleep_caregiver","step_caregiver","weekly_mood_patient","weekly_mood_caregiver"
"8109",26,-0.393852600291323,-1.02796416936445,-1.07661107404806,-0.807833964584716,0.0563276812086951,0.176275087903808,0.728299463866079,-0.170840508288835
