"","pair_id","heart","sleep","step","heart_caregiver","sleep_caregiver","step_caregiver","weekly_mood_patient","weekly_mood_caregiver"
"8106",23,-1.19158847984617,0.540440568918047,-0.841261246850421,0.296587059693261,0.0275794632155841,-1.09405991230641,-0.178880233188016,0.231637691801953
