"","pair_id","heart","sleep","step","heart_caregiver","sleep_caregiver","step_caregiver","weekly_mood_patient","weekly_mood_caregiver"
"8134",29,0.221379253487766,1.03498134102303,-0.26722772697793,-0.13087741463899,1.10292947249413,-0.164834718886543,-0.078082489070894,0.533496341870045
