"","pair_id","heart","sleep","step","heart_caregiver","sleep_caregiver","step_caregiver","weekly_mood_patient","weekly_mood_caregiver"
"816",5,1.70234657192288,-0.23072913040009,-0.271116292060835,-0.168861245416203,0.386307226868751,-0.106682817696423,0.425906231514714,-0.472699158356927
