"","pair_id","heart","sleep","step","heart_caregiver","sleep_caregiver","step_caregiver","weekly_mood_patient","weekly_mood_caregiver"
"8154",39,-0.800306921777489,1.89205455218598,0.416124160556768,-0.265907495454786,-0.209489175017461,2.11336282845166,0.627501719748957,1.23783319202893
