"","pair_id","heart","sleep","step","heart_caregiver","sleep_caregiver","step_caregiver","weekly_mood_patient","weekly_mood_caregiver"
"880",15,-0.00308149403284959,-0.768992407718092,0.533501434132689,0.46910414439658,-0.362396363473573,0.059814807080968,-0.178880233188016,0.332257241824651
