"","pair_id","heart","sleep","step","heart_caregiver","sleep_caregiver","step_caregiver","weekly_mood_patient","weekly_mood_caregiver"
"8162",43,-1.39956736190214,-0.29449111716908,2.87459860095136,-1.00720454360733,0.0340373962430221,0.434672501537345,0.627501719748957,0.131018141779256
