"","pair_id","heart","sleep","step","heart_caregiver","sleep_caregiver","step_caregiver","weekly_mood_patient","weekly_mood_caregiver"
"827",8,-1.45658762297785,0.532452803542591,1.9246873557385,0.480127858271595,0.303812340453737,1.07147416387061,-0.582071209656502,-0.875177358447715
