"","pair_id","heart","sleep","step","heart_caregiver","sleep_caregiver","step_caregiver","weekly_mood_patient","weekly_mood_caregiver"
"8136",30,0.232986113151024,1.47024448586804,0.425564539791934,-0.43774209444971,-0.353021944562776,1.70586194270399,-0.682868953773624,0.935974541960834
