"","pair_id","heart","sleep","step","heart_caregiver","sleep_caregiver","step_caregiver","weekly_mood_patient","weekly_mood_caregiver"
"850",12,0.437064174286213,0.31538177605871,-0.889104717344141,-1.80269004783201,2.44701282388218,-0.51229932104535,1.13149044033456,0.332257241824651
