"","pair_id","heart","sleep","step","heart_caregiver","sleep_caregiver","step_caregiver","weekly_mood_patient","weekly_mood_caregiver"
"8",1,-0.991689145496912,2.26033257686489,-0.0048525640659728,-1.11964929336669,-0.170116615592114,-1.76862585486496,0.0227152550462273,0.533496341870045
