"","pair_id","heart","sleep","step","heart_caregiver","sleep_caregiver","step_caregiver","weekly_mood_patient","weekly_mood_caregiver"
"8148",36,0.0374020429020343,-0.77880194414409,-1.27000407220123,0.514989805426398,-0.794869555891677,-0.359476535059132,-2.29563285964757,-1.17703600851581
