"","pair_id","heart","sleep","step","heart_caregiver","sleep_caregiver","step_caregiver","weekly_mood_patient","weekly_mood_caregiver"
"860",13,1.65308773735515,-2.11577169089035,-0.464433149791366,2.64371136024211,1.28218919411059,-0.63564863951412,0.627501719748957,1.703664442134
