"","pair_id","heart","sleep","step","heart_caregiver","sleep_caregiver","step_caregiver","weekly_mood_patient","weekly_mood_caregiver"
"829",9,-1.38496992422916,0.173143497881733,-0.181739171518029,1.28701639076322,0.119657088961635,-0.862712777980646,1.13149044033456,-1.57951420860659
