"","pair_id","heart","sleep","step","heart_caregiver","sleep_caregiver","step_caregiver","weekly_mood_patient","weekly_mood_caregiver"
"8150",37,-1.554609698389,-0.0802228143783422,-0.0430321216834455,-0.376437703179169,-0.0617899970673478,-0.227781817058069,0.325108487397592,0.131018141779256
